StudentID,Name,Department,Mathematics,Python,Data_Structures,Attendance
STU101,Aarav Sharma,CSE,85,92,88,94
STU102,Diya Patel,ECE,78,84,76,88
STU103,Rohan Verma,CSE,42,38,35,68
STU104,Ananya Iyer,IT,95,98,92,96
STU105,Kabir Mehta,ME,65,70,60,82
STU106,Ishita Gupta,CSE,88,85,90,91
STU107,Arjun Nair,ECE,32,45,40,72
STU108,Sneha Rao,IT,74,80,78,85
STU109,Aditya Kulkarni,CSE,55,62,58,78
STU110,Meera Joshi,CSE,91,89,94,95
STU111,Varun Chopra,ME,48,52,50,70
STU112,Pooja Reddy,ECE,82,79,85,89
STU113,Siddharth Das,IT,39,36,44,65
STU114,Kavya Menon,CSE,94,96,91,98
STU115,Ritik Pandey,ME,61,67,59,80
STU116,Tanvi Deshmukh,ECE,70,75,72,84
STU117,Nikhil Bhat,IT,83,88,86,90
STU118,Shruti Saxena,CSE,90,93,89,92
STU119,Gaurav Tiwari,ME,35,40,38,62
STU120,Neha Singhal,ECE,76,82,80,87
